patient_id,age,bmi,heart_rate,systolic_bp,diastolic_bp,glucose,cholesterol,oxygen_saturation,hospital_visits,anomaly
P001,34,22.4,72,118,76,92,184,98,1,0
P002,45,25.1,78,124,80,101,196,97,2,0
P003,29,21.8,68,112,72,88,172,99,0,0
P004,52,27.3,82,130,84,108,211,97,2,0
P005,41,24.6,75,120,78,95,189,98,1,0
P006,63,29.1,84,138,88,116,224,96,3,0
P007,37,23.5,70,116,74,91,181,98,1,0
P008,56,26.8,80,128,82,105,205,97,2,0
P009,48,28.2,79,132,85,112,218,97,2,0
P010,31,20.9,66,110,70,86,168,99,0,0
P011,44,24.9,73,122,79,98,192,98,1,0
P012,68,30.2,87,142,90,121,231,95,4,0
P013,39,23.8,71,117,75,94,180,98,1,0
P014,50,26.4,77,126,81,103,207,97,2,0
P015,58,28.7,83,134,86,110,219,96,3,0
P016,27,19.8,64,108,68,82,160,99,0,0
P017,46,25.7,76,123,80,99,198,98,1,0
P018,61,29.5,85,136,87,114,226,96,3,0
P019,35,22.7,69,114,73,89,176,99,0,0
P020,54,27.9,81,129,83,107,213,97,2,0
P021,43,24.3,74,119,77,96,187,98,1,0
P022,72,31.4,89,146,92,128,242,94,5,0
P023,33,21.5,67,111,71,87,169,99,0,0
P024,49,26.1,78,125,80,102,201,97,2,0
P025,57,28.4,82,133,85,109,216,96,3,0
P026,40,23.9,72,118,76,93,183,98,1,0
P027,65,30.7,86,140,89,119,229,95,4,0
P028,36,22.1,69,113,72,90,174,99,0,0
P029,47,25.3,75,121,79,97,194,98,1,0
P030,59,29.0,84,135,87,113,221,96,3,0
P031,42,24.7,73,120,78,95,190,98,1,0
P032,51,27.1,79,127,82,104,209,97,2,0
P033,30,20.7,65,109,69,84,165,99,0,0
P034,67,30.0,88,143,91,123,235,95,4,0
P035,38,23.1,70,115,74,92,178,98,1,0
P036,55,28.1,81,131,84,106,214,97,2,0
P037,45,25.0,76,122,79,100,197,98,1,0
P038,62,29.8,85,137,88,117,228,96,3,0
P039,28,20.2,63,107,67,81,158,99,0,0
P040,53,27.5,80,130,83,108,210,97,2,0
P041,36,22.9,71,116,75,90,179,98,1,0
P042,48,26.7,77,127,81,103,204,97,2,0
P043,60,29.3,83,136,86,115,223,96,3,0
P044,32,21.2,66,110,70,85,167,99,0,0
P045,69,31.0,88,144,91,126,238,95,5,0
P046,41,24.5,74,119,77,96,186,98,1,0
P047,50,26.9,79,128,82,105,206,97,2,0
P048,58,28.9,82,134,85,111,220,96,3,0
P049,34,22.6,68,112,72,88,171,99,0,0
P050,64,30.4,86,139,89,120,232,95,4,0
P051,47,25.5,75,123,79,99,199,98,1,0
P052,39,23.7,72,117,75,93,182,98,1,0
P053,56,27.8,80,129,83,107,212,97,2,0
P054,43,24.1,73,120,77,95,188,98,1,0
P055,71,31.7,90,148,94,131,248,94,5,0
P056,37,22.3,69,114,73,89,175,99,0,0
P057,52,26.6,78,126,81,102,203,97,2,0
P058,46,25.2,76,122,79,98,195,98,1,0
P059,63,29.7,84,137,87,116,225,96,3,0
P060,29,20.5,65,109,69,83,163,99,0,0
P061,44,24.8,74,119,77,97,191,98,1,0
P062,57,28.6,82,133,85,110,217,96,3,0
P063,35,22.0,68,113,72,87,170,99,0,0
P064,49,26.3,77,125,80,101,200,97,2,0
P065,66,30.5,87,141,90,122,234,95,4,0
P066,42,24.4,73,118,76,94,185,98,1,0
P067,54,27.6,80,130,83,106,211,97,2,0
P068,31,21.0,66,111,70,86,166,99,0,0
P069,59,29.2,83,135,86,114,222,96,3,0
P070,40,23.6,71,116,74,91,177,98,1,0
P071,53,27.2,79,128,82,104,208,97,2,0
P072,68,30.8,88,145,92,125,240,95,4,0
P073,33,21.7,67,110,71,85,164,99,0,0
P074,45,25.8,75,124,79,100,196,98,1,0
P075,61,29.6,84,138,88,118,227,96,3,0
P076,38,23.3,70,115,74,92,180,98,1,0
P077,51,26.5,78,127,81,103,205,97,2,0
P078,55,28.3,81,132,84,109,215,96,2,0
P079,27,19.5,63,106,66,79,155,99,0,0
P080,64,30.1,86,140,89,121,230,95,4,0
P081,43,24.6,74,120,77,96,189,98,1,0
P082,48,26.0,77,125,80,101,201,97,2,0
P083,58,28.8,82,134,86,112,218,96,3,0
P084,36,22.5,69,113,73,89,173,99,0,0
P085,70,31.2,89,147,93,129,245,94,5,0
P086,41,24.2,72,117,75,94,184,98,1,0
P087,50,27.0,79,128,82,105,207,97,2,0
P088,62,29.9,85,137,88,116,226,96,3,0
P089,32,21.4,66,109,69,84,162,99,0,0
P090,56,28.0,81,131,84,108,213,97,2,0
P091,39,23.4,71,115,74,91,178,98,1,0
P092,67,30.6,87,142,90,124,236,95,4,0
P093,46,25.4,76,123,79,99,197,98,1,0
P094,53,27.4,80,129,83,106,210,97,2,0
P095,60,29.4,84,136,87,115,224,96,3,0
P096,34,22.2,68,112,72,88,172,99,0,0
P097,49,26.8,78,126,81,103,204,97,2,0
P098,57,28.5,82,133,85,110,216,96,3,0
P099,42,24.0,73,119,76,95,187,98,1,0
P100,65,30.3,86,139,89,120,231,95,4,0
P101,19,42.8,155,220,140,420,410,71,12,1
P102,87,15.2,38,72,40,48,95,82,10,1
P103,45,62.5,168,238,152,389,455,68,15,1
P104,23,17.1,142,198,125,315,380,79,9,1
P105,76,48.7,35,68,39,52,101,76,11,1
P106,91,13.8,172,245,158,470,510,64,18,1
P107,28,55.2,188,260,170,510,490,59,20,1
P108,54,11.4,42,76,44,39,82,88,13,1
P109,14,68.3,205,275,180,580,530,55,22,1
P110,83,9.7,31,61,35,44,76,79,14,1
P111,38,47.6,175,232,149,365,420,67,16,1
P112,97,19.1,29,58,32,35,70,73,19,1
P113,26,72.4,210,285,190,625,560,52,25,1
P114,74,14.3,45,79,42,41,88,84,12,1
P115,33,51.8,182,248,161,440,475,62,17,1
P116,89,12.6,27,55,30,32,65,69,21,1
P117,21,59.7,195,270,175,550,515,57,23,1
P118,61,8.9,36,64,37,46,78,81,15,1
P119,47,65.1,201,258,168,495,535,61,19,1
P120,95,16.4,33,69,38,40,72,75,17,1